title,cost,type,rules,flavor,stats,footer,art,qty
Ember Wyrm,3,Creature — Dragon,"Flying, haste.

When Ember Wyrm enters the battlefield, it deals 2 {element-fire} damage to any target.","The sky burns where it passes.",4 / 4,TCG Forge · Sample Set,ember,4
Frostbite Colossus,6,Creature — Giant,"Vigilance.

Whenever Frostbite Colossus attacks, tap target creature an opponent controls.","It walks, and winter follows.",7 / 7,TCG Forge · Sample Set,abyss,1
Void Pilgrim,2,Creature — Spirit,"Flying.

When Void Pilgrim dies, draw a card.","Every road ends somewhere darker.",1 / 3,TCG Forge · Sample Set,starfield,4
Gilded Sentinel,4,Creature — Construct,"Defender, reach.

{shield} Gilded Sentinel gets +0/+2 as long as you control an artifact.","Built to outlast the builders.",2 / 6,TCG Forge · Sample Set,parchment,3
Ashfall Ritual,1,Sorcery,"Deal 3 {element-fire} damage divided as you choose among any number of targets.","",,TCG Forge · Sample Set,ember,4
Starless Oracle,5,Creature — Human Wizard,"When Starless Oracle enters the battlefield, look at the top three cards of your library, then put one into your hand and the rest on the bottom in any order.","She reads the gaps between the stars.",3 / 5,TCG Forge · Sample Set,starfield,2
